id,SIAE,SSAN,PPQ,TEFO,PHIMIN,PHIMAX,ZMIN,ZMAX
0,3.606103200557129,3.4455917619087963,0.20077051103774324,0.04302399205432257,25.811821526047925,41.77223938409279,-12.346544101689915,106.68685711509323
1,2.7355402654609144,3.2220162360691837,0.35572800400394644,0.024240817550618552,23.380937862219,40.15914737360332,-498.383668756282,374.74164685744
2,1.410983628528296,3.275461373214341,0.6441614062343166,0.02336274799386738,13.090146560666003,43.06175353351961,-517.9918330912874,667.3701844772006
3,1.8825632940898216,3.0477841567187878,0.49394657315734847,0.037273731508214655,15.854569315061116,44.786782226173926,-964.1224213277072,795.7218323785984
