id,SIAE,SSAN,PPQ,TEFO,PHIMIN,PHIMAX,ZMIN,ZMAX
P16,2.25951700e+00,3.27254030e+00,6.48899976e-01,1.55281610e-02,5.82503100e+00,4.12884934e+01,-4.69082594e+02,1.38151030e+02
P50,2.60826700e+00,3.30972530e+00,7.50891500e-01,1.84592200e-02,7.19283640e+00,4.27956120e+01,-3.69549500e+02,2.43950575e+02
P84,2.92773340e+00,3.34638760e+00,8.29809550e-01,2.23440933e-02,9.22549116e+00,4.40675240e+01,-2.75713370e+02,3.99471100e+02